{
    "info": {
        "u58ab98de3ca30ebbf215a35a20109a44": "owner",
        "ub36a9d0761e109ac18121aac83d65495": "@亗『SHAAN』亗"
    },
    "limit": {},
    "name": {
        "@BT~": {
            "mid": "uc19fd8d0256ecdd59622f1c18556ec83",
            "pay": 1611771928.8479927,
            "runtime": 1609179928.8479927,
            "token": {}
        },
        "@亗『SHAAN』亗": {
            "mid": "ub36a9d0761e109ac18121aac83d65495",
            "pay": 2881932160.7238827,
            "runtime": 1681932160.7238824,
            "token": {}
        },
        "anaminoglu": {
            "mid": "u06f07815f605d5be810b54504b8596a2",
            "pay": 1596366047.5964994,
            "runtime": 1593774047.5964994,
            "token": {}
        },
        "burak": {
            "mid": "ue25a360b88c0c1f93ba20ea6a2007440",
            "pay": 1596398636.1897411,
            "runtime": 1593806636.1897411,
            "token": {}
        },
        "can": {
            "mid": "uea911eca1090b49084ef7d3646e65b3a",
            "pay": 1596131681.0088158,
            "runtime": 1593539681.0088158,
            "token": {}
        },
        "emre": {
            "mid": "u86083ec56899f1f42cc18fea6960afac",
            "pay": 1611599834.1530204,
            "runtime": 1609007834.1530204,
            "token": {}
        },
        "feyza": {
            "mid": "u7e2f7b8e543cdd3955c1825177155611",
            "pay": 1596138915.4320033,
            "runtime": 1593546915.4320033,
            "token": {}
        },
        "halit": {
            "mid": "u56d0d2579b547924d712fa6af6fc1af9",
            "pay": 1596358503.905167,
            "runtime": 1593766503.905167,
            "token": {}
        },
        "hasan": {
            "mid": "u57087992fb00e8ea38adbfbf2531f770",
            "pay": 1596135059.9230504,
            "runtime": 1593543059.9230504,
            "token": {}
        },
        "hatun": {
            "mid": "u99090bdf769efb27bf181c44aee87a8a",
            "pay": 1596130239.7611868,
            "runtime": 1593538239.7611868,
            "token": {}
        },
        "kumam": {
            "mid": "u40f8e5fe2d52f4d1970720ce8f53ce39",
            "pay": 1596365993.2202628,
            "runtime": 1593773993.2202628,
            "token": {}
        },
        "onur": {
            "mid": "ufb89b2450afbeb261bdb772476c8303e",
            "pay": 1596129766.0492103,
            "runtime": 1593537766.0492103,
            "token": {}
        },
        "owner": {
            "mid": "u58ab98de3ca30ebbf215a35a20109a44",
            "pay": 2880983855.602311,
            "runtime": 1680983855.6023111,
            "token": {}
        },
        "yan": {
            "mid": "u8b038a1e8587c30ebd7a0c7d0c282b72",
            "pay": 1611777656.2817595,
            "runtime": 1609185656.2817595,
            "token": {}
        },
        "ümit": {
            "mid": "uf7baafd4120e52d675c7e31d9eb35232",
            "pay": 1596255763.1945314,
            "runtime": 1593663763.1945314,
            "token": {}
        }
    }
}